{
  "format_version": "1.8.0",
  "minecraft:entity": {
    "description": {
      "identifier": "tunekeshi:nobori",
      "is_spawnable": false,
      "is_summonable": true,
      "runtime_identifier": "minecraft:armor_stand",
      "is_experimental": false,
      "scripts": {
        "animate": [
          "nobori"
        ]
      },
      "animations": {
        "nobori": "controller.animation.nobori"
      }
    },
    "component_groups": {
      "kill": {
        "minecraft:timer": {
        },
        "minecraft:environment_sensor": {
        },
        "minecraft:variant": {
          "value": 1
        },
        "minecraft:transformation": {
          "into": "tunekeshi:kill",
          "delay": {
            "value": 0.1
          }
        }
      }
    },
    "components": {
     "minecraft:knockback_resistance": {
        "value": 1.0
      },
      "minecraft:health": {
        "min": 10,
        "max": 10
       },
      "minecraft:spawn_entity": [
        {
          "min_wait_time": 0.2,
          "max_wait_time": 0.2,
          "spawn_entity": "tunekeshi:nobori_1",
          "single_use": false,
          "num_to_spawn": 1,
          "should_leash": false
        }
      ],
      "minecraft:scale": {
        "value": 0.01
      },
      "minecraft:interact": [
        {
          "filters": {
          },
          "use_item": false
        }
      ],
      "minecraft:damage_sensor": [
        {
          "cause": "all",
          "deals_damage": false
        }
      ],
      "minecraft:timer": {
        "looping": false,
        "time": 0.5,
        "time_down_event": {
          "event": "kill",
          "target": "self"
        }
      },
      "minecraft:environment_sensor": {
        "on_environment": {
          "filters": {
            "test": "has_tag",
            "subject": "self",
            "operator": "==",
            "value": "kill"
          },
          "event": "kill"
        }
      },
      "minecraft:type_family": {
        "family": [
          "kokyuu"
        ]
      },
      "minecraft:collision_box": {
        "width": 0.25,
        "height": 0.25
      },
      "minecraft:physics": {
        "has_gravity": false,
        "has_collision": false
      }
    },
    "events": {
      "kill": {
        "add": {
          "component_groups": [
            "kill"
          ]
        }
      }
    }
  }
}
