{
  "format_version": "1.8.0",
 "minecraft:entity": {
  "description": {
    "identifier": "tunekeshi:takitubo",
    "is_spawnable": false,
    "is_summonable": true,
    "is_experimental": false,
     "runtime_identifier": "minecraft:snowball"
    },

  "component_groups": {
   "minecraft:exploding": {
    "minecraft:explode": {
     "fuseLength": 0,
     "fuseLit": true,
     "power": 4,
     "breaks_blocks" : false,
     "causesFire": false,
     "destroyAffectedByGriefing": false
    }
   }
  },

  "components": {
   "minecraft:collision_box": {
    "width": 0.01,
    "height": 0.01
   },
   "minecraft:projectile": {
    
    "onHit": {
     "definition_event": {
      "affectProjectile": true,
      "eventTrigger": {
            "event": "minecraft:explode",
            "target": "self"
      }
     }
    },
    "power": 1.6,
    "gravity": 0.06,
    "inertia": 1,
    "uncertaintyBase": 0,
    "uncertaintyMultiplier": 0,
    "anchor": 1,
    "offset": [ 0, -0.1, 0 ],
    "reflectOnHurt": true,
    "catchFire": false
   },
   "minecraft:physics": {
   }
  },
  "events": {
   "minecraft:explode": {
    "add": {
     "component_groups": [
      "minecraft:exploding"
     ]
    }
   }
  }
 }
}
