{
	"format_version": "1.10.0",
	"particle_effect": {
		"description": {
			"identifier": "tunekeshi:nobori_particle_1",
			"basic_render_parameters": {
				"material": "particles_alpha",
				"texture": "textures/particle/particles"
			}
		},
		"components": {
			"minecraft:emitter_rate_instant": {
				"num_particles": 200
			},
			"minecraft:emitter_lifetime_once": {
				"active_time": 0.1
			},
			"minecraft:emitter_shape_box": {
				"offset": [0, 6, 0],
				"half_dimensions": [3, 6, 3],
				"direction": "outwards"
			},
			"minecraft:particle_lifetime_expression": {
				"max_lifetime": 0.1
			},
			"minecraft:particle_initial_speed": 0,
			"minecraft:particle_motion_dynamic": {
				"linear_acceleration": [0, -5, 0],
				"linear_drag_coefficient": "variable.stuck_time = 2.0; return variable.particle_age < variable.stuck_time ? 277 : 0.01;"
			},
			"minecraft:particle_appearance_billboard": {
				"size": [0.1, 0.1],
				"facing_camera_mode": "lookat_xyz",
				"uv": {
					"texture_width": 128,
					"texture_height": 128,
					"flipbook": {
						"base_UV": [56, 0],
						"size_UV": [8, 8],
						"step_UV": [-8, 0],
						"frames_per_second": 8,
						"max_frame": 8,
						"stretch_to_lifetime": true
					}
				}
			},
			"minecraft:particle_motion_collision": {
				"collision_radius": 0.1,
				"expire_on_contact": true
			},
			"minecraft:particle_appearance_lighting": {},
			"minecraft:particle_appearance_tinting": {
				"color": ["Math.clamp((variable.particle_random_1 * 0.2 + 0.8) * (variable.particle_random_2 * 0.4 + 0.6), 0, 1)", 0, 0, 1]
			}
		}
	}
}