{
	"format_version": "1.10.0",
	"particle_effect": {
		"description": {
			"identifier": "tunekeshi:seisei_particle_1",
			"basic_render_parameters": {
				"material": "particles_alpha",
				"texture": "textures/particle/seisei_particle"
			}
		},
		"components": {
			"minecraft:emitter_rate_instant": {
				"num_particles": 10
			},
			"minecraft:emitter_lifetime_once": {},
			"minecraft:emitter_shape_box": {
				"offset": [0, 2, 0],
				"half_dimensions": [3, 1, 3],
				"surface_only": true
			},
			"minecraft:particle_lifetime_expression": {
				"max_lifetime": 0.1
			},
			"minecraft:particle_initial_speed": 0,
			"minecraft:particle_motion_dynamic": {},
			"minecraft:particle_appearance_billboard": {
				"size": [2, 1],
				"facing_camera_mode": "lookat_xyz",
				"uv": {
					"texture_width": 256,
					"texture_height": 16,
					"flipbook": {
						"base_UV": [0, 0],
						"size_UV": [32, 16],
						"step_UV": [32, 0],
						"frames_per_second": 8,
						"max_frame": 8,
						"stretch_to_lifetime": true
					}
				}
			}
		}
	}
}
