{
	"format_version": "1.10.0",
	"particle_effect": {
		"description": {
			"identifier": "tunekeshi:seisei_particle",
			"basic_render_parameters": {
				"material": "particles_alpha",
				"texture": "textures/particle/particles"
			}
		},
		"components": {
			"minecraft:emitter_rate_instant": {
				"num_particles": 100
			},
			"minecraft:emitter_lifetime_once": {
				"active_time": 0.8
			},
			"minecraft:emitter_shape_sphere": {
				"radius": 3,
				"direction": ["2+Math.random(-1, 1)/2", "-16-Math.random(0, 8)", "Math.random(-1, 1)/2"]
			},
			"minecraft:particle_lifetime_expression": {
				"max_lifetime": 0.1
			},
			"minecraft:particle_initial_speed": 0,
			"minecraft:particle_motion_dynamic": {},
			"minecraft:particle_appearance_billboard": {
				"size": [0.2, 0.2],
				"facing_camera_mode": "lookat_xyz",
				"uv": {
					"texture_width": 128,
					"texture_height": 128,
					"uv": ["24+Math.Round(variable.particle_random_1*3.0)*8", 8],
					"uv_size": [8, 8]
				}
			},
			"minecraft:particle_appearance_lighting": {},
			"minecraft:particle_appearance_tinting": {
				"color": [1, 1, 1, 1]
			}
		}
	}
}