{
	"format_version": "1.10.0",
	"particle_effect": {
		"description": {
			"identifier": "tunekeshi:siranui_particle",
			"basic_render_parameters": {
				"material": "particles_alpha",
				"texture": "textures/particle/particles"
			}
		},
		"components": {
			"minecraft:emitter_rate_instant": {
				"num_particles": 200
			},
			"minecraft:emitter_lifetime_once": {
				"active_time": 0.1
			},
			"minecraft:emitter_shape_sphere": {
				"radius": 2,
				"direction": [5, 5, 5]
			},
			"minecraft:particle_lifetime_expression": {
				"max_lifetime": 0.1
			},
			"minecraft:particle_initial_speed": 0,
			"minecraft:particle_motion_dynamic": {
				"linear_acceleration": [0, -5, 0],
				"linear_drag_coefficient": "variable.stuck_time = 2.0; return variable.particle_age < variable.stuck_time ? 277 : 0.01;"
			},
			"minecraft:particle_appearance_billboard": {
				"size": [0.1, 0.1],
				"facing_camera_mode": "lookat_xyz",
				"uv": {
					"texture_width": 128,
					"texture_height": 128,
					"uv": [0, 24],
					"uv_size": [8, 8]
				}
			}
		}
	}
}
