{
	"format_version": "1.12.0",
	"minecraft:geometry": [
		{
			"description": {
				"identifier": "geometry.nitirintou_mizu",
				"texture_width": 128,
				"texture_height": 128,
				"visible_bounds_width": 5,
				"visible_bounds_height": 3,
				"visible_bounds_offset": [0, 0.5, 0]
			},
			"bones": [
				{
					"name": "root",
					"pivot": [0, 0, 0]
				},
				{
					"name": "waist",
					"parent": "root",
					"pivot": [0, 0, 0]
				},
				{
					"name": "body",
					"parent": "waist",
					"pivot": [0, 24, 0],
					"mirror": true
				},
				{
					"name": "head",
					"parent": "body",
					"pivot": [0, 24, 0],
					"mirror": true
				},
				{
					"name": "rightArm",
					"parent": "body",
					"pivot": [-5, 21, 0]
				},
				{
					"name": "group",
					"parent": "rightArm",
					"pivot": [-13, 19, -12],
					"rotation": [90, 0, 0]
				},
				{
					"name": "group1",
					"parent": "group",
					"pivot": [-13, 19, -12],
					"cubes": [
						{
							"origin": [-6.82, 12, -18.6],
							"size": [1, 1, 1],
							"uv": {
								"north": {"uv": [2, 0], "uv_size": [2, 2]},
								"east": {"uv": [6, 4], "uv_size": [2, 2]},
								"south": {"uv": [10, 8], "uv_size": [2, 2]},
								"west": {"uv": [14, 12], "uv_size": [2, 2]},
								"up": {"uv": [30, 36], "uv_size": [2, 2]},
								"down": {"uv": [32, 38], "uv_size": [2, -2]}
							}
						},
						{
							"origin": [-6.85, 4, -18.6],
							"size": [1, 8, 1],
							"uv": {
								"north": {"uv": [16, 0], "uv_size": [2, 16]},
								"east": {"uv": [18, 0], "uv_size": [2, 16]},
								"south": {"uv": [20, 0], "uv_size": [2, 16]},
								"west": {"uv": [22, 0], "uv_size": [2, 16]},
								"up": {"uv": [34, 36], "uv_size": [2, 2]},
								"down": {"uv": [36, 38], "uv_size": [2, -2]}
							}
						},
						{
							"origin": [-5.99, 33.78, -17.86],
							"size": [0.01, 1.35, 0.17],
							"uv": {
								"north": {"uv": [0, 0], "uv_size": [0, 2]},
								"east": {"uv": [36, 0], "uv_size": [2, 2]},
								"south": {"uv": [0, 0], "uv_size": [0, 2]},
								"west": {"uv": [36, 2], "uv_size": [2, 2]},
								"up": {"uv": [0, 0], "uv_size": [0, 2]},
								"down": {"uv": [0, 2], "uv_size": [0, -2]}
							}
						},
						{
							"origin": [-6.73, 33.78, -17.86],
							"size": [0.01, 1.35, 0.17],
							"uv": {
								"north": {"uv": [0, 0], "uv_size": [0, 2]},
								"east": {"uv": [36, 4], "uv_size": [2, 2]},
								"south": {"uv": [0, 0], "uv_size": [0, 2]},
								"west": {"uv": [36, 6], "uv_size": [2, 2]},
								"up": {"uv": [0, 0], "uv_size": [0, 2]},
								"down": {"uv": [0, 2], "uv_size": [0, -2]}
							}
						}
					]
				},
				{
					"name": "group2",
					"parent": "group1",
					"pivot": [-14, 20, -11],
					"cubes": [
						{
							"origin": [-6.72, 32.89, -19.4],
							"size": [0.76, 1.46, 0.26],
							"pivot": [-5, 31, -17],
							"rotation": [-22.5, 0, 0],
							"uv": {
								"north": {"uv": [36, 8], "uv_size": [2, 2]},
								"east": {"uv": [36, 10], "uv_size": [2, 2]},
								"south": {"uv": [36, 18], "uv_size": [2, 2]},
								"west": {"uv": [36, 22], "uv_size": [2, 2]},
								"up": {"uv": [36, 24], "uv_size": [2, 2]},
								"down": {"uv": [36, 28], "uv_size": [2, -2]}
							}
						}
					]
				},
				{
					"name": "group3",
					"parent": "group2",
					"pivot": [-14, 20, -11],
					"cubes": [
						{
							"origin": [-6.7, 28.85, -18],
							"size": [0, 6, 0.3],
							"uv": {
								"north": {"uv": [0, 0], "uv_size": [0, 12]},
								"east": {"uv": [12, 0], "uv_size": [2, 12]},
								"south": {"uv": [0, 0], "uv_size": [0, 12]},
								"west": {"uv": [14, 0], "uv_size": [2, 12]},
								"up": {"uv": [0, 0], "uv_size": [0, 2]},
								"down": {"uv": [0, 2], "uv_size": [0, -2]}
							}
						}
					]
				},
				{
					"name": "group4",
					"parent": "group3",
					"pivot": [-14, 20, -11],
					"cubes": [
						{
							"origin": [-6.69, 34, -19.41],
							"size": [0.71, 0.56, 0.19],
							"pivot": [-5, 31, -17],
							"rotation": [-22.5, 0, 0],
							"uv": {
								"north": {"uv": [36, 28], "uv_size": [2, 2]},
								"east": {"uv": [36, 30], "uv_size": [2, 2]},
								"south": {"uv": [36, 32], "uv_size": [2, 2]},
								"west": {"uv": [36, 34], "uv_size": [2, 2]},
								"up": {"uv": [30, 38], "uv_size": [2, 2]},
								"down": {"uv": [32, 40], "uv_size": [2, -2]}
							}
						}
					]
				},
				{
					"name": "group5",
					"parent": "group",
					"pivot": [-14, 20, -11],
					"cubes": [
						{
							"origin": [-5.97, 34, -19.4],
							"size": [0.01, 0.56, 0.17],
							"pivot": [-5, 31, -17],
							"rotation": [-22.5, 0, 0],
							"uv": {
								"north": {"uv": [0, 0], "uv_size": [0, 2]},
								"east": {"uv": [34, 38], "uv_size": [2, 2]},
								"south": {"uv": [0, 0], "uv_size": [0, 2]},
								"west": {"uv": [36, 38], "uv_size": [2, 2]},
								"up": {"uv": [0, 0], "uv_size": [0, 2]},
								"down": {"uv": [0, 2], "uv_size": [0, -2]}
							}
						}
					]
				},
				{
					"name": "group6",
					"parent": "group",
					"pivot": [-14, 20, -11],
					"cubes": [
						{
							"origin": [-6.1, 32.92, -19.42],
							"size": [0.1, 1.63, 0.19],
							"pivot": [-5, 31, -17],
							"rotation": [-22.5, 0, 0],
							"uv": {
								"north": {"uv": [4, 0], "uv_size": [2, 4]},
								"east": {"uv": [6, 0], "uv_size": [2, 4]},
								"south": {"uv": [8, 0], "uv_size": [2, 4]},
								"west": {"uv": [8, 4], "uv_size": [2, 4]},
								"up": {"uv": [38, 38], "uv_size": [2, 2]},
								"down": {"uv": [38, 2], "uv_size": [2, -2]}
							}
						}
					]
				},
				{
					"name": "group7",
					"parent": "group",
					"pivot": [-6, 12, -17],
					"cubes": [
						{
							"origin": [-6.42, 12.2, -18.22],
							"size": [2, 0.5, 0.3],
							"uv": {
								"north": {"uv": [18, 16], "uv_size": [4, 2]},
								"east": {"uv": [38, 2], "uv_size": [2, 2]},
								"south": {"uv": [20, 18], "uv_size": [4, 2]},
								"west": {"uv": [38, 4], "uv_size": [2, 2]},
								"up": {"uv": [22, 16], "uv_size": [4, 2]},
								"down": {"uv": [22, 22], "uv_size": [4, -2]}
							}
						},
						{
							"origin": [-6.42, 12.2, -18.07],
							"size": [2, 0.5, 0.3],
							"pivot": [-5.81728, 12.47658, -18.08385],
							"rotation": [0, -22.5, 0],
							"uv": {
								"north": {"uv": [24, 24], "uv_size": [4, 2]},
								"east": {"uv": [38, 6], "uv_size": [2, 2]},
								"south": {"uv": [24, 0], "uv_size": [4, 2]},
								"west": {"uv": [38, 8], "uv_size": [2, 2]},
								"up": {"uv": [24, 2], "uv_size": [4, 2]},
								"down": {"uv": [24, 6], "uv_size": [4, -2]}
							}
						},
						{
							"origin": [-6.42, 12.2, -18.22],
							"size": [2, 0.5, 0.3],
							"pivot": [-6.31546, 13.50247, -18.09793],
							"rotation": [0, -45, 0],
							"uv": {
								"north": {"uv": [24, 6], "uv_size": [4, 2]},
								"east": {"uv": [38, 10], "uv_size": [2, 2]},
								"south": {"uv": [24, 8], "uv_size": [4, 2]},
								"west": {"uv": [38, 12], "uv_size": [2, 2]},
								"up": {"uv": [24, 10], "uv_size": [4, 2]},
								"down": {"uv": [24, 14], "uv_size": [4, -2]}
							}
						},
						{
							"origin": [-6.49339, 12.2, -18.60247],
							"size": [0.3, 0.5, 2.4],
							"pivot": [-6.31546, 13.50247, -18.09793],
							"rotation": [0, 22.5, 0],
							"uv": {
								"north": {"uv": [38, 14], "uv_size": [2, 2]},
								"east": {"uv": [24, 14], "uv_size": [4, 2]},
								"south": {"uv": [38, 16], "uv_size": [2, 2]},
								"west": {"uv": [24, 18], "uv_size": [4, 2]},
								"up": {"uv": [10, 0], "uv_size": [2, 4]},
								"down": {"uv": [10, 8], "uv_size": [2, -4]}
							}
						},
						{
							"origin": [-6.49339, 12.2, -18.60247],
							"size": [0.3, 0.5, 2.4],
							"uv": {
								"north": {"uv": [38, 18], "uv_size": [2, 2]},
								"east": {"uv": [24, 22], "uv_size": [4, 2]},
								"south": {"uv": [38, 20], "uv_size": [2, 2]},
								"west": {"uv": [24, 26], "uv_size": [4, 2]},
								"up": {"uv": [24, 28], "uv_size": [2, 4]},
								"down": {"uv": [26, 32], "uv_size": [2, -4]}
							}
						},
						{
							"origin": [-6.49339, 12.2, -18.60247],
							"size": [0.3, 0.5, 2.4],
							"pivot": [-6.31546, 13.50247, -18.09793],
							"rotation": [0, -22.5, 0],
							"uv": {
								"north": {"uv": [38, 22], "uv_size": [2, 2]},
								"east": {"uv": [26, 16], "uv_size": [4, 2]},
								"south": {"uv": [38, 24], "uv_size": [2, 2]},
								"west": {"uv": [26, 20], "uv_size": [4, 2]},
								"up": {"uv": [28, 28], "uv_size": [2, 4]},
								"down": {"uv": [28, 4], "uv_size": [2, -4]}
							}
						},
						{
							"origin": [-6.49339, 12.2, -18.60247],
							"size": [0.3, 0.5, 2.4],
							"pivot": [-6.31546, 13.50247, -18.09793],
							"rotation": [0, -45, 0],
							"uv": {
								"north": {"uv": [38, 26], "uv_size": [2, 2]},
								"east": {"uv": [28, 4], "uv_size": [4, 2]},
								"south": {"uv": [38, 28], "uv_size": [2, 2]},
								"west": {"uv": [28, 6], "uv_size": [4, 2]},
								"up": {"uv": [28, 8], "uv_size": [2, 4]},
								"down": {"uv": [28, 16], "uv_size": [2, -4]}
							}
						},
						{
							"origin": [-8.21092, 12.2, -18.27586],
							"size": [2.4, 0.5, 0.3],
							"pivot": [-6.31546, 13.50247, -18.09793],
							"rotation": [0, 22.5, 0],
							"uv": {
								"north": {"uv": [28, 18], "uv_size": [4, 2]},
								"east": {"uv": [38, 30], "uv_size": [2, 2]},
								"south": {"uv": [28, 22], "uv_size": [4, 2]},
								"west": {"uv": [38, 32], "uv_size": [2, 2]},
								"up": {"uv": [28, 24], "uv_size": [4, 2]},
								"down": {"uv": [28, 28], "uv_size": [4, -2]}
							}
						},
						{
							"origin": [-8.21092, 12.2, -18.27586],
							"size": [2.4, 0.5, 0.3],
							"uv": {
								"north": {"uv": [30, 30], "uv_size": [4, 2]},
								"east": {"uv": [38, 34], "uv_size": [2, 2]},
								"south": {"uv": [30, 0], "uv_size": [4, 2]},
								"west": {"uv": [38, 36], "uv_size": [2, 2]},
								"up": {"uv": [30, 2], "uv_size": [4, 2]},
								"down": {"uv": [30, 10], "uv_size": [4, -2]}
							}
						},
						{
							"origin": [-8.21092, 12.2, -18.27586],
							"size": [2.4, 0.5, 0.3],
							"pivot": [-6.31546, 13.50247, -18.09793],
							"rotation": [0, -22.5, 0],
							"uv": {
								"north": {"uv": [30, 10], "uv_size": [4, 2]},
								"east": {"uv": [24, 40], "uv_size": [2, 2]},
								"south": {"uv": [30, 12], "uv_size": [4, 2]},
								"west": {"uv": [26, 40], "uv_size": [2, 2]},
								"up": {"uv": [30, 14], "uv_size": [4, 2]},
								"down": {"uv": [30, 18], "uv_size": [4, -2]}
							}
						},
						{
							"origin": [-8.21092, 12.2, -18.27586],
							"size": [2.4, 0.5, 0.3],
							"pivot": [-6.31546, 13.50247, -18.09793],
							"rotation": [0, -45, 0],
							"uv": {
								"north": {"uv": [30, 20], "uv_size": [4, 2]},
								"east": {"uv": [28, 40], "uv_size": [2, 2]},
								"south": {"uv": [30, 28], "uv_size": [4, 2]},
								"west": {"uv": [30, 40], "uv_size": [2, 2]},
								"up": {"uv": [24, 32], "uv_size": [4, 2]},
								"down": {"uv": [28, 34], "uv_size": [4, -2]}
							}
						},
						{
							"origin": [-6.42, 12.2, -18.22],
							"size": [2, 0.5, 0.3],
							"pivot": [-6.31546, 13.50247, -18.09793],
							"rotation": [0, 22.5, 0],
							"uv": {
								"north": {"uv": [32, 32], "uv_size": [4, 2]},
								"east": {"uv": [32, 40], "uv_size": [2, 2]},
								"south": {"uv": [32, 4], "uv_size": [4, 2]},
								"west": {"uv": [34, 40], "uv_size": [2, 2]},
								"up": {"uv": [32, 6], "uv_size": [4, 2]},
								"down": {"uv": [32, 20], "uv_size": [4, -2]}
							}
						},
						{
							"origin": [-6.42, 12.2, -18.22],
							"size": [2, 0.5, 0.3],
							"pivot": [-6.31546, 13.50247, -18.09793],
							"rotation": [0, 45, 0],
							"uv": {
								"north": {"uv": [32, 22], "uv_size": [4, 2]},
								"east": {"uv": [36, 40], "uv_size": [2, 2]},
								"south": {"uv": [32, 24], "uv_size": [4, 2]},
								"west": {"uv": [38, 40], "uv_size": [2, 2]},
								"up": {"uv": [32, 26], "uv_size": [4, 2]},
								"down": {"uv": [24, 36], "uv_size": [4, -2]}
							}
						},
						{
							"origin": [-6.43753, 12.2, -19.934],
							"size": [0.3, 0.5, 2.3],
							"pivot": [-6.31546, 13.50247, -18.09793],
							"rotation": [0, -22.5, 0],
							"uv": {
								"north": {"uv": [40, 40], "uv_size": [2, 2]},
								"east": {"uv": [28, 34], "uv_size": [4, 2]},
								"south": {"uv": [40, 0], "uv_size": [2, 2]},
								"west": {"uv": [32, 34], "uv_size": [4, 2]},
								"up": {"uv": [34, 0], "uv_size": [2, 4]},
								"down": {"uv": [34, 12], "uv_size": [2, -4]}
							}
						},
						{
							"origin": [-6.43753, 12.2, -19.934],
							"size": [0.3, 0.5, 2.3],
							"uv": {
								"north": {"uv": [40, 2], "uv_size": [2, 2]},
								"east": {"uv": [34, 12], "uv_size": [4, 2]},
								"south": {"uv": [40, 4], "uv_size": [2, 2]},
								"west": {"uv": [34, 14], "uv_size": [4, 2]},
								"up": {"uv": [34, 28], "uv_size": [2, 4]},
								"down": {"uv": [24, 40], "uv_size": [2, -4]}
							}
						},
						{
							"origin": [-6.43753, 12.2, -19.934],
							"size": [0.3, 0.5, 2.3],
							"pivot": [-6.31546, 13.50247, -18.09793],
							"rotation": [0, 22.5, 0],
							"uv": {
								"north": {"uv": [40, 6], "uv_size": [2, 2]},
								"east": {"uv": [34, 16], "uv_size": [4, 2]},
								"south": {"uv": [40, 8], "uv_size": [2, 2]},
								"west": {"uv": [34, 20], "uv_size": [4, 2]},
								"up": {"uv": [26, 36], "uv_size": [2, 4]},
								"down": {"uv": [28, 40], "uv_size": [2, -4]}
							}
						}
					]
				},
				{
					"name": "group9",
					"parent": "group",
					"pivot": [-6, 12, -17],
					"cubes": [
						{
							"origin": [-4.7, 12.2, -18.22],
							"size": [0.3, 0.5, 0.7],
							"uv": {
								"north": {"uv": [40, 10], "uv_size": [2, 2]},
								"east": {"uv": [40, 12], "uv_size": [2, 2]},
								"south": {"uv": [40, 14], "uv_size": [2, 2]},
								"west": {"uv": [40, 16], "uv_size": [2, 2]},
								"up": {"uv": [40, 18], "uv_size": [2, 2]},
								"down": {"uv": [40, 22], "uv_size": [2, -2]}
							}
						},
						{
							"origin": [-4.9303, 12.2, -17.52282],
							"size": [0.3, 0.5, 0.7],
							"pivot": [-4.67814, 12.44799, -17.17038],
							"rotation": [0, -22.5, 0],
							"uv": {
								"north": {"uv": [40, 22], "uv_size": [2, 2]},
								"east": {"uv": [40, 24], "uv_size": [2, 2]},
								"south": {"uv": [40, 26], "uv_size": [2, 2]},
								"west": {"uv": [40, 28], "uv_size": [2, 2]},
								"up": {"uv": [40, 30], "uv_size": [2, 2]},
								"down": {"uv": [40, 34], "uv_size": [2, -2]}
							}
						},
						{
							"origin": [-4.7, 12.2, -18.22],
							"size": [0.3, 0.5, 0.7],
							"pivot": [-6.31546, 13.50247, -18.09793],
							"rotation": [0, -45, 0],
							"uv": {
								"north": {"uv": [40, 34], "uv_size": [2, 2]},
								"east": {"uv": [40, 36], "uv_size": [2, 2]},
								"south": {"uv": [40, 38], "uv_size": [2, 2]},
								"west": {"uv": [24, 42], "uv_size": [2, 2]},
								"up": {"uv": [26, 42], "uv_size": [2, 2]},
								"down": {"uv": [28, 44], "uv_size": [2, -2]}
							}
						},
						{
							"origin": [-6.89339, 12.2, -16.48247],
							"size": [0.7, 0.5, 0.3],
							"pivot": [-6.31546, 13.50247, -18.09793],
							"rotation": [0, 22.5, 0],
							"uv": {
								"north": {"uv": [30, 42], "uv_size": [2, 2]},
								"east": {"uv": [32, 42], "uv_size": [2, 2]},
								"south": {"uv": [90, 48], "uv_size": [2, 2]},
								"west": {"uv": [36, 42], "uv_size": [2, 2]},
								"up": {"uv": [38, 42], "uv_size": [2, 2]},
								"down": {"uv": [40, 44], "uv_size": [2, -2]}
							}
						},
						{
							"origin": [-6.89339, 12.2, -16.48247],
							"size": [0.7, 0.5, 0.3],
							"pivot": [-6.31546, 13.50247, -18.09793],
							"rotation": [0, -45, 0],
							"uv": {
								"north": {"uv": [42, 42], "uv_size": [2, 2]},
								"east": {"uv": [42, 0], "uv_size": [2, 2]},
								"south": {"uv": [42, 2], "uv_size": [2, 2]},
								"west": {"uv": [42, 4], "uv_size": [2, 2]},
								"up": {"uv": [42, 6], "uv_size": [2, 2]},
								"down": {"uv": [42, 10], "uv_size": [2, -2]}
							}
						},
						{
							"origin": [-8.23092, 12.2, -18.67586],
							"size": [0.3, 0.5, 0.7],
							"pivot": [-6.31546, 13.50247, -18.09793],
							"rotation": [0, 22.5, 0],
							"uv": {
								"north": {"uv": [42, 10], "uv_size": [2, 2]},
								"east": {"uv": [42, 12], "uv_size": [2, 2]},
								"south": {"uv": [42, 14], "uv_size": [2, 2]},
								"west": {"uv": [42, 16], "uv_size": [2, 2]},
								"up": {"uv": [42, 18], "uv_size": [2, 2]},
								"down": {"uv": [42, 22], "uv_size": [2, -2]}
							}
						},
						{
							"origin": [-8.23092, 12.2, -18.67586],
							"size": [0.3, 0.5, 0.7],
							"uv": {
								"north": {"uv": [42, 22], "uv_size": [2, 2]},
								"east": {"uv": [42, 24], "uv_size": [2, 2]},
								"south": {"uv": [42, 26], "uv_size": [2, 2]},
								"west": {"uv": [42, 28], "uv_size": [2, 2]},
								"up": {"uv": [42, 30], "uv_size": [2, 2]},
								"down": {"uv": [42, 34], "uv_size": [2, -2]}
							}
						},
						{
							"origin": [-8.23092, 12.2, -18.67586],
							"size": [0.3, 0.5, 0.7],
							"pivot": [-6.31546, 13.50247, -18.09793],
							"rotation": [0, -22.5, 0],
							"uv": {
								"north": {"uv": [42, 34], "uv_size": [2, 2]},
								"east": {"uv": [42, 36], "uv_size": [2, 2]},
								"south": {"uv": [42, 38], "uv_size": [2, 2]},
								"west": {"uv": [42, 40], "uv_size": [2, 2]},
								"up": {"uv": [24, 44], "uv_size": [2, 2]},
								"down": {"uv": [26, 46], "uv_size": [2, -2]}
							}
						},
						{
							"origin": [-8.23092, 12.2, -18.67586],
							"size": [0.3, 0.5, 0.7],
							"pivot": [-6.31546, 13.50247, -18.09793],
							"rotation": [0, -45, 0],
							"uv": {
								"north": {"uv": [28, 44], "uv_size": [2, 2]},
								"east": {"uv": [30, 44], "uv_size": [2, 2]},
								"south": {"uv": [32, 44], "uv_size": [2, 2]},
								"west": {"uv": [34, 44], "uv_size": [2, 2]},
								"up": {"uv": [36, 44], "uv_size": [2, 2]},
								"down": {"uv": [38, 46], "uv_size": [2, -2]}
							}
						},
						{
							"origin": [-6.43753, 12.2, -20.01339],
							"size": [0.7, 0.5, 0.3],
							"pivot": [-6.31546, 13.50247, -18.09793],
							"rotation": [0, 22.5, 0],
							"uv": {
								"north": {"uv": [40, 44], "uv_size": [2, 2]},
								"east": {"uv": [42, 44], "uv_size": [2, 2]},
								"south": {"uv": [44, 44], "uv_size": [2, 2]},
								"west": {"uv": [44, 0], "uv_size": [2, 2]},
								"up": {"uv": [44, 2], "uv_size": [2, 2]},
								"down": {"uv": [44, 6], "uv_size": [2, -2]}
							}
						},
						{
							"origin": [-6.43753, 12.2, -20.01339],
							"size": [0.7, 0.5, 0.3],
							"uv": {
								"north": {"uv": [44, 6], "uv_size": [2, 2]},
								"east": {"uv": [44, 8], "uv_size": [2, 2]},
								"south": {"uv": [44, 10], "uv_size": [2, 2]},
								"west": {"uv": [44, 12], "uv_size": [2, 2]},
								"up": {"uv": [44, 14], "uv_size": [2, 2]},
								"down": {"uv": [44, 18], "uv_size": [2, -2]}
							}
						},
						{
							"origin": [-6.43753, 12.2, -20.01339],
							"size": [0.7, 0.5, 0.3],
							"pivot": [-6.31546, 13.50247, -18.09793],
							"rotation": [0, -22.5, 0],
							"uv": {
								"north": {"uv": [44, 18], "uv_size": [2, 2]},
								"east": {"uv": [44, 20], "uv_size": [2, 2]},
								"south": {"uv": [44, 22], "uv_size": [2, 2]},
								"west": {"uv": [44, 24], "uv_size": [2, 2]},
								"up": {"uv": [44, 26], "uv_size": [2, 2]},
								"down": {"uv": [44, 30], "uv_size": [2, -2]}
							}
						},
						{
							"origin": [-4.7, 12.2, -18.22],
							"size": [0.3, 0.5, 0.7],
							"pivot": [-6.31546, 13.50247, -18.09793],
							"rotation": [0, 45, 0],
							"uv": {
								"north": {"uv": [44, 30], "uv_size": [2, 2]},
								"east": {"uv": [44, 32], "uv_size": [2, 2]},
								"south": {"uv": [44, 34], "uv_size": [2, 2]},
								"west": {"uv": [44, 36], "uv_size": [2, 2]},
								"up": {"uv": [44, 38], "uv_size": [2, 2]},
								"down": {"uv": [44, 42], "uv_size": [2, -2]}
							}
						},
						{
							"origin": [-4.7, 12.2, -18.22],
							"size": [0.3, 0.5, 0.7],
							"pivot": [-6.31546, 13.50247, -18.09793],
							"rotation": [0, 22.5, 0],
							"uv": {
								"north": {"uv": [44, 42], "uv_size": [2, 2]},
								"east": {"uv": [0, 46], "uv_size": [2, 2]},
								"south": {"uv": [24, 46], "uv_size": [2, 2]},
								"west": {"uv": [26, 46], "uv_size": [2, 2]},
								"up": {"uv": [28, 46], "uv_size": [2, 2]},
								"down": {"uv": [30, 48], "uv_size": [2, -2]}
							}
						},
						{
							"origin": [-6.89339, 12.2, -16.48247],
							"size": [0.7, 0.5, 0.3],
							"pivot": [-6.31546, 13.50247, -18.09793],
							"rotation": [0, -22.5, 0],
							"uv": {
								"north": {"uv": [32, 46], "uv_size": [2, 2]},
								"east": {"uv": [34, 46], "uv_size": [2, 2]},
								"south": {"uv": [36, 46], "uv_size": [2, 2]},
								"west": {"uv": [38, 46], "uv_size": [2, 2]},
								"up": {"uv": [40, 46], "uv_size": [2, 2]},
								"down": {"uv": [42, 48], "uv_size": [2, -2]}
							}
						},
						{
							"origin": [-6.89339, 12.2, -16.48247],
							"size": [0.7, 0.5, 0.3],
							"uv": {
								"north": {"uv": [44, 46], "uv_size": [2, 2]},
								"east": {"uv": [46, 46], "uv_size": [2, 2]},
								"south": {"uv": [46, 0], "uv_size": [2, 2]},
								"west": {"uv": [46, 2], "uv_size": [2, 2]},
								"up": {"uv": [46, 4], "uv_size": [2, 2]},
								"down": {"uv": [46, 8], "uv_size": [2, -2]}
							}
						}
					]
				},
				{
					"name": "bone1",
					"parent": "group",
					"pivot": [2, 4, -25],
					"cubes": [
						{
							"origin": [-6.68, 12.2, -18.5],
							"size": [0.7, 21.5, 0.8],
							"uv": {
								"north": {"uv": [16, 16], "uv_size": [2, 44]},
								"east": {"uv": [18, 18], "uv_size": [2, 44]},
								"south": {"uv": [20, 20], "uv_size": [2, 44]},
								"west": {"uv": [22, 22], "uv_size": [2, 44]},
								"up": {"uv": [46, 8], "uv_size": [2, 2]},
								"down": {"uv": [46, 12], "uv_size": [2, -2]}
							}
						},
						{
							"origin": [-5.98, 12.2, -18.05],
							"size": [0.01, 22.5, 0.35],
							"uv": {
								"north": {"uv": [0, 0], "uv_size": [0, 46]},
								"east": {"uv": [0, 0], "uv_size": [2, 46]},
								"south": {"uv": [0, 0], "uv_size": [0, 46]},
								"west": {"uv": [2, 2], "uv_size": [2, 46]},
								"up": {"uv": [0, 0], "uv_size": [0, 2]},
								"down": {"uv": [0, 2], "uv_size": [0, -2]}
							}
						},
						{
							"origin": [-6.71, 11.4, -18.05],
							"size": [0.01, 23.34, 0.35],
							"uv": {
								"north": {"uv": [0, 0], "uv_size": [0, 46]},
								"east": {"uv": [4, 4], "uv_size": [2, 46]},
								"south": {"uv": [0, 0], "uv_size": [0, 46]},
								"west": {"uv": [6, 6], "uv_size": [2, 46]},
								"up": {"uv": [0, 0], "uv_size": [0, 2]},
								"down": {"uv": [0, 2], "uv_size": [0, -2]}
							}
						},
						{
							"origin": [-6.7, 34, -17.9],
							"size": [0, 1.15, 0.21],
							"uv": {
								"north": {"uv": [0, 0], "uv_size": [0, 2]},
								"east": {"uv": [46, 12], "uv_size": [2, 2]},
								"south": {"uv": [0, 0], "uv_size": [0, 2]},
								"west": {"uv": [46, 14], "uv_size": [2, 2]},
								"up": {"uv": [0, 0], "uv_size": [0, 2]},
								"down": {"uv": [0, 2], "uv_size": [0, -2]}
							}
						},
						{
							"origin": [-6.73, 12, -17.69],
							"size": [0.72, 23.1, 0.01],
							"uv": {
								"north": {"uv": [8, 8], "uv_size": [2, 46]},
								"east": {"uv": [10, 10], "uv_size": [2, 46]},
								"south": {"uv": [12, 12], "uv_size": [2, 46]},
								"west": {"uv": [14, 14], "uv_size": [2, 46]},
								"up": {"uv": [46, 16], "uv_size": [2, 2]},
								"down": {"uv": [46, 20], "uv_size": [2, -2]}
							}
						},
						{
							"origin": [-6.689, 33.35, -18.2],
							"size": [0.699, 1, 0.3],
							"uv": {
								"north": {"uv": [46, 20], "uv_size": [2, 2]},
								"east": {"uv": [46, 22], "uv_size": [2, 2]},
								"south": {"uv": [46, 24], "uv_size": [2, 2]},
								"west": {"uv": [46, 26], "uv_size": [2, 2]},
								"up": {"uv": [46, 28], "uv_size": [2, 2]},
								"down": {"uv": [46, 32], "uv_size": [2, -2]}
							}
						}
					]
				},
				{
					"name": "leftArm",
					"parent": "body",
					"pivot": [5, 22, 0],
					"mirror": true
				},
				{
					"name": "rightLeg",
					"parent": "waist",
					"pivot": [-1.9, 12, 0],
					"mirror": true
				},
				{
					"name": "leftLeg",
					"parent": "waist",
					"pivot": [1.9, 12, 0],
					"mirror": true
				}
			]
		}
	]
}