{
	"format_version": "1.12.0",
	"minecraft:geometry": [
		{
			"description": {
				"identifier": "geometry.nitirintou_honoo",
				"texture_width": 128,
				"texture_height": 128,
				"visible_bounds_width": 3,
				"visible_bounds_height": 3.5,
				"visible_bounds_offset": [0, 1.25, 0]
			},
			"bones": [
				{
					"name": "root",
					"pivot": [0, 0, 0]
				},
				{
					"name": "waist",
					"parent": "root",
					"pivot": [0, 0, 0]
				},
				{
					"name": "body",
					"parent": "waist",
					"pivot": [0, 24, 0],
					"mirror": true
				},
				{
					"name": "head",
					"parent": "body",
					"pivot": [0, 24, 0],
					"mirror": true
				},
				{
					"name": "rightArm",
					"parent": "body",
					"pivot": [-5, 21, 0]
				},
				{
					"name": "group",
					"parent": "rightArm",
					"pivot": [-13, 20, -11],
					"rotation": [90, 0, 0],
					"cubes": [
						{
							"origin": [-6.48341, 13, -18.42476],
							"size": [0.5, 0.5, 3.07],
							"uv": {
								"north": {"uv": [4, 0], "uv_size": [4, 4]},
								"east": {"uv": [44, 44], "uv_size": [12, 4]},
								"south": {"uv": [12, 8], "uv_size": [4, 4]},
								"west": {"uv": [44, 0], "uv_size": [12, 4]},
								"up": {"uv": [44, 4], "uv_size": [4, 12]},
								"down": {"uv": [44, 28], "uv_size": [4, -12]}
							}
						},
						{
							"origin": [-5.51067, 13, -18.1671],
							"size": [0.4, 0.5, 2.8],
							"pivot": [-6.26671, 13.2527, -16.27738],
							"rotation": [0, 22.5, 0],
							"uv": {
								"north": {"uv": [20, 16], "uv_size": [4, 4]},
								"east": {"uv": [44, 28], "uv_size": [12, 4]},
								"south": {"uv": [28, 24], "uv_size": [4, 4]},
								"west": {"uv": [44, 40], "uv_size": [12, 4]},
								"up": {"uv": [44, 48], "uv_size": [4, 12]},
								"down": {"uv": [48, 60], "uv_size": [4, -12]}
							}
						},
						{
							"origin": [-7.36123, 13, -18.09258],
							"size": [0.5, 0.5, 3],
							"pivot": [-6.26671, 13.2527, -16.27738],
							"rotation": [0, -22.5, 0],
							"uv": {
								"north": {"uv": [36, 32], "uv_size": [4, 4]},
								"east": {"uv": [48, 4], "uv_size": [12, 4]},
								"south": {"uv": [68, 20], "uv_size": [4, 4]},
								"west": {"uv": [48, 8], "uv_size": [12, 4]},
								"up": {"uv": [48, 12], "uv_size": [4, 12]},
								"down": {"uv": [52, 64], "uv_size": [4, -12]}
							}
						},
						{
							"origin": [-7.56123, 13, -17.41709],
							"size": [0.5, 0.5, 1],
							"pivot": [-6.26671, 13.2527, -16.27738],
							"rotation": [0, -22.5, 0],
							"uv": {
								"north": {"uv": [68, 36], "uv_size": [4, 4]},
								"east": {"uv": [68, 40], "uv_size": [4, 4]},
								"south": {"uv": [68, 48], "uv_size": [4, 4]},
								"west": {"uv": [68, 64], "uv_size": [4, 4]},
								"up": {"uv": [40, 72], "uv_size": [4, 4]},
								"down": {"uv": [52, 76], "uv_size": [4, -4]}
							}
						},
						{
							"origin": [-7.21067, 13, -17.5671],
							"size": [2, 0.5, 0.5],
							"pivot": [-6.26671, 13.2527, -16.27738],
							"rotation": [0, 22.5, 0],
							"uv": {
								"north": {"uv": [48, 24], "uv_size": [8, 4]},
								"east": {"uv": [64, 72], "uv_size": [4, 4]},
								"south": {"uv": [48, 32], "uv_size": [8, 4]},
								"west": {"uv": [72, 72], "uv_size": [4, 4]},
								"up": {"uv": [48, 36], "uv_size": [8, 4]},
								"down": {"uv": [52, 16], "uv_size": [8, -4]}
							}
						},
						{
							"origin": [-8.00148, 13, -17.7],
							"size": [2.3, 0.5, 0.3],
							"pivot": [-6.69882, 13.25334, -17.21268],
							"rotation": [0, 45, 0],
							"uv": {
								"north": {"uv": [52, 16], "uv_size": [8, 4]},
								"east": {"uv": [72, 0], "uv_size": [4, 4]},
								"south": {"uv": [52, 20], "uv_size": [8, 4]},
								"west": {"uv": [72, 4], "uv_size": [4, 4]},
								"up": {"uv": [52, 48], "uv_size": [8, 4]},
								"down": {"uv": [56, 60], "uv_size": [8, -4]}
							}
						},
						{
							"origin": [-5.97466, 13, -17.90241],
							"size": [1, 0.5, 0.3],
							"pivot": [-6.26671, 13.2527, -16.27738],
							"rotation": [0, -45, 0],
							"uv": {
								"north": {"uv": [72, 8], "uv_size": [4, 4]},
								"east": {"uv": [72, 12], "uv_size": [4, 4]},
								"south": {"uv": [72, 16], "uv_size": [4, 4]},
								"west": {"uv": [72, 20], "uv_size": [4, 4]},
								"up": {"uv": [72, 24], "uv_size": [4, 4]},
								"down": {"uv": [72, 32], "uv_size": [4, -4]}
							}
						},
						{
							"origin": [-5.17341, 13, -15.95476],
							"size": [0.3, 0.5, 0.4],
							"uv": {
								"north": {"uv": [72, 32], "uv_size": [4, 4]},
								"east": {"uv": [72, 36], "uv_size": [4, 4]},
								"south": {"uv": [72, 40], "uv_size": [4, 4]},
								"west": {"uv": [72, 44], "uv_size": [4, 4]},
								"up": {"uv": [72, 48], "uv_size": [4, 4]},
								"down": {"uv": [72, 56], "uv_size": [4, -4]}
							}
						},
						{
							"origin": [-8.02411, 13, -16.15323],
							"size": [0.2, 0.5, 0.4],
							"pivot": [-6.26671, 13.2527, -16.27738],
							"rotation": [0, -22.5, 0],
							"uv": {
								"north": {"uv": [72, 56], "uv_size": [4, 4]},
								"east": {"uv": [72, 60], "uv_size": [4, 4]},
								"south": {"uv": [72, 64], "uv_size": [4, 4]},
								"west": {"uv": [72, 68], "uv_size": [4, 4]},
								"up": {"uv": [40, 76], "uv_size": [4, 4]},
								"down": {"uv": [44, 80], "uv_size": [4, -4]}
							}
						},
						{
							"origin": [-7.66891, 13, -15.78576],
							"size": [0.3, 0.5, 0.6],
							"uv": {
								"north": {"uv": [48, 76], "uv_size": [4, 4]},
								"east": {"uv": [52, 76], "uv_size": [4, 4]},
								"south": {"uv": [56, 76], "uv_size": [4, 4]},
								"west": {"uv": [60, 76], "uv_size": [4, 4]},
								"up": {"uv": [64, 76], "uv_size": [4, 4]},
								"down": {"uv": [68, 80], "uv_size": [4, -4]}
							}
						},
						{
							"origin": [-7.04, 13, -17.39258],
							"size": [2, 0.5, 0.3],
							"pivot": [-6.26671, 13.2527, -16.27738],
							"rotation": [0, -22.5, 0],
							"uv": {
								"north": {"uv": [56, 0], "uv_size": [8, 4]},
								"east": {"uv": [72, 76], "uv_size": [4, 4]},
								"south": {"uv": [56, 24], "uv_size": [8, 4]},
								"west": {"uv": [76, 76], "uv_size": [4, 4]},
								"up": {"uv": [56, 28], "uv_size": [8, 4]},
								"down": {"uv": [56, 36], "uv_size": [8, -4]}
							}
						}
					]
				},
				{
					"name": "group1",
					"parent": "group",
					"pivot": [-13, 20, -11],
					"cubes": [
						{
							"origin": [-5.9238, 13, -17.54894],
							"size": [0.5, 0.5, 2],
							"pivot": [-6.26671, 13.2527, -16.27738],
							"rotation": [0, -22.5, 0],
							"uv": {
								"north": {"uv": [76, 0], "uv_size": [4, 4]},
								"east": {"uv": [56, 36], "uv_size": [8, 4]},
								"south": {"uv": [76, 4], "uv_size": [4, 4]},
								"west": {"uv": [56, 40], "uv_size": [8, 4]},
								"up": {"uv": [44, 60], "uv_size": [4, 8]},
								"down": {"uv": [48, 68], "uv_size": [4, -8]}
							}
						},
						{
							"origin": [-5.8238, 13, -15.44894],
							"size": [0.3, 0.5, 0.5],
							"pivot": [-6.26671, 13.2527, -16.27738],
							"rotation": [0, -22.5, 0],
							"uv": {
								"north": {"uv": [76, 8], "uv_size": [4, 4]},
								"east": {"uv": [76, 12], "uv_size": [4, 4]},
								"south": {"uv": [76, 16], "uv_size": [4, 4]},
								"west": {"uv": [76, 20], "uv_size": [4, 4]},
								"up": {"uv": [76, 24], "uv_size": [4, 4]},
								"down": {"uv": [76, 32], "uv_size": [4, -4]}
							}
						},
						{
							"origin": [-4.99946, 13, -16.18225],
							"size": [0.2, 0.5, 0.5],
							"pivot": [-6.26671, 13.2527, -16.27738],
							"rotation": [0, -22.5, 0],
							"uv": {
								"north": {"uv": [76, 32], "uv_size": [4, 4]},
								"east": {"uv": [76, 36], "uv_size": [4, 4]},
								"south": {"uv": [76, 40], "uv_size": [4, 4]},
								"west": {"uv": [76, 44], "uv_size": [4, 4]},
								"up": {"uv": [76, 48], "uv_size": [4, 4]},
								"down": {"uv": [76, 56], "uv_size": [4, -4]}
							}
						},
						{
							"origin": [-5.7638, 13, -14.94894],
							"size": [0.2, 0.5, 0.2],
							"pivot": [-6.26671, 13.2527, -16.27738],
							"rotation": [0, -22.5, 0],
							"uv": {
								"north": {"uv": [76, 56], "uv_size": [4, 4]},
								"east": {"uv": [76, 60], "uv_size": [4, 4]},
								"south": {"uv": [76, 64], "uv_size": [4, 4]},
								"west": {"uv": [76, 68], "uv_size": [4, 4]},
								"up": {"uv": [76, 72], "uv_size": [4, 4]},
								"down": {"uv": [40, 84], "uv_size": [4, -4]}
							}
						},
						{
							"origin": [-7.06303, 13, -15.7884],
							"size": [1.2, 0.5, 0.2],
							"pivot": [-6.26671, 13.2527, -16.27738],
							"rotation": [0, -45, 0],
							"uv": {
								"north": {"uv": [44, 80], "uv_size": [4, 4]},
								"east": {"uv": [48, 80], "uv_size": [4, 4]},
								"south": {"uv": [52, 80], "uv_size": [4, 4]},
								"west": {"uv": [56, 80], "uv_size": [4, 4]},
								"up": {"uv": [60, 80], "uv_size": [4, 4]},
								"down": {"uv": [64, 84], "uv_size": [4, -4]}
							}
						},
						{
							"origin": [-6.33341, 13, -15.93776],
							"size": [0.5, 0.5, 1],
							"uv": {
								"north": {"uv": [68, 80], "uv_size": [4, 4]},
								"east": {"uv": [72, 80], "uv_size": [4, 4]},
								"south": {"uv": [76, 80], "uv_size": [4, 4]},
								"west": {"uv": [80, 80], "uv_size": [4, 4]},
								"up": {"uv": [80, 0], "uv_size": [4, 4]},
								"down": {"uv": [80, 8], "uv_size": [4, -4]}
							}
						}
					]
				},
				{
					"name": "group2",
					"parent": "group",
					"pivot": [-6.7, 13.5, -17.65]
				},
				{
					"name": "group3",
					"parent": "group",
					"pivot": [-13, 20, -11],
					"cubes": [
						{
							"origin": [-7.12046, 13, -16.83913],
							"size": [0.5, 0.5, 2],
							"pivot": [-6.26671, 13.2527, -16.27738],
							"rotation": [0, 22.5, 0],
							"uv": {
								"north": {"uv": [80, 8], "uv_size": [4, 4]},
								"east": {"uv": [56, 44], "uv_size": [8, 4]},
								"south": {"uv": [80, 12], "uv_size": [4, 4]},
								"west": {"uv": [56, 52], "uv_size": [8, 4]},
								"up": {"uv": [56, 60], "uv_size": [4, 8]},
								"down": {"uv": [60, 68], "uv_size": [4, -8]}
							}
						}
					]
				},
				{
					"name": "group5",
					"parent": "group",
					"pivot": [-13, 20, -11],
					"cubes": [
						{
							"origin": [-7.02271, 13, -17.86258],
							"size": [1.5, 0.5, 1.5],
							"uv": {
								"north": {"uv": [60, 4], "uv_size": [8, 4]},
								"east": {"uv": [60, 8], "uv_size": [8, 4]},
								"south": {"uv": [60, 12], "uv_size": [8, 4]},
								"west": {"uv": [60, 16], "uv_size": [8, 4]},
								"up": {"uv": [8, 0], "uv_size": [8, 8]},
								"down": {"uv": [16, 8], "uv_size": [8, -8]}
							}
						},
						{
							"origin": [-6.97271, 13, -17.61258],
							"size": [1.3, 0.51, 1.4],
							"uv": {
								"north": {"uv": [80, 16], "uv_size": [4, 4]},
								"east": {"uv": [80, 20], "uv_size": [4, 4]},
								"south": {"uv": [80, 24], "uv_size": [4, 4]},
								"west": {"uv": [80, 28], "uv_size": [4, 4]},
								"up": {"uv": [80, 32], "uv_size": [4, 4]},
								"down": {"uv": [80, 40], "uv_size": [4, -4]}
							}
						},
						{
							"origin": [-6.6, 13, -18.126],
							"size": [0.7, 0.51, 0.6],
							"uv": {
								"north": {"uv": [80, 40], "uv_size": [4, 4]},
								"east": {"uv": [80, 44], "uv_size": [4, 4]},
								"south": {"uv": [80, 48], "uv_size": [4, 4]},
								"west": {"uv": [80, 52], "uv_size": [4, 4]},
								"up": {"uv": [80, 56], "uv_size": [4, 4]},
								"down": {"uv": [80, 64], "uv_size": [4, -4]}
							}
						},
						{
							"origin": [-6.22271, 13, -17.66258],
							"size": [0.3, 0.51, 1.9],
							"uv": {
								"north": {"uv": [80, 64], "uv_size": [4, 4]},
								"east": {"uv": [60, 20], "uv_size": [8, 4]},
								"south": {"uv": [80, 68], "uv_size": [4, 4]},
								"west": {"uv": [60, 48], "uv_size": [8, 4]},
								"up": {"uv": [52, 64], "uv_size": [4, 8]},
								"down": {"uv": [64, 72], "uv_size": [4, -8]}
							}
						},
						{
							"origin": [-5.5, 13, -17.87],
							"size": [0.2, 0.51, 1.6],
							"pivot": [-6.2881, 13.25621, -16.4059],
							"rotation": [0, 22.5, 0],
							"uv": {
								"north": {"uv": [80, 72], "uv_size": [4, 4]},
								"east": {"uv": [64, 0], "uv_size": [8, 4]},
								"south": {"uv": [80, 76], "uv_size": [4, 4]},
								"west": {"uv": [64, 24], "uv_size": [8, 4]},
								"up": {"uv": [64, 28], "uv_size": [4, 8]},
								"down": {"uv": [64, 44], "uv_size": [4, -8]}
							}
						},
						{
							"origin": [-5.5, 13, -17],
							"size": [0.2, 0.51, 0.6],
							"uv": {
								"north": {"uv": [40, 84], "uv_size": [4, 4]},
								"east": {"uv": [44, 84], "uv_size": [4, 4]},
								"south": {"uv": [48, 84], "uv_size": [4, 4]},
								"west": {"uv": [52, 84], "uv_size": [4, 4]},
								"up": {"uv": [56, 84], "uv_size": [4, 4]},
								"down": {"uv": [60, 88], "uv_size": [4, -4]}
							}
						},
						{
							"origin": [-6.88287, 13, -17.18105],
							"size": [0.3, 0.51, 1],
							"pivot": [-6.26135, 13.25539, -16.78129],
							"rotation": [0, -22.5, 0],
							"uv": {
								"north": {"uv": [64, 84], "uv_size": [4, 4]},
								"east": {"uv": [68, 84], "uv_size": [4, 4]},
								"south": {"uv": [72, 84], "uv_size": [4, 4]},
								"west": {"uv": [76, 84], "uv_size": [4, 4]},
								"up": {"uv": [80, 84], "uv_size": [4, 4]},
								"down": {"uv": [84, 88], "uv_size": [4, -4]}
							}
						},
						{
							"origin": [-7.0616, 13, -17.5028],
							"size": [1.2, 0.51, 0.3],
							"pivot": [-6.26135, 13.25539, -16.78129],
							"rotation": [0, 22.5, 0],
							"uv": {
								"north": {"uv": [84, 0], "uv_size": [4, 4]},
								"east": {"uv": [84, 4], "uv_size": [4, 4]},
								"south": {"uv": [84, 8], "uv_size": [4, 4]},
								"west": {"uv": [84, 12], "uv_size": [4, 4]},
								"up": {"uv": [84, 16], "uv_size": [4, 4]},
								"down": {"uv": [84, 24], "uv_size": [4, -4]}
							}
						},
						{
							"origin": [-6.03287, 13, -17.43105],
							"size": [0.5, 0.51, 0.5],
							"pivot": [-6.26135, 13.25539, -16.78129],
							"rotation": [0, -22.5, 0],
							"uv": {
								"north": {"uv": [84, 24], "uv_size": [4, 4]},
								"east": {"uv": [84, 28], "uv_size": [4, 4]},
								"south": {"uv": [84, 32], "uv_size": [4, 4]},
								"west": {"uv": [84, 36], "uv_size": [4, 4]},
								"up": {"uv": [84, 40], "uv_size": [4, 4]},
								"down": {"uv": [84, 48], "uv_size": [4, -4]}
							}
						},
						{
							"origin": [-7.02271, 13, -17.26258],
							"size": [1.5, 0.5, 1.5],
							"uv": {
								"north": {"uv": [64, 44], "uv_size": [8, 4]},
								"east": {"uv": [64, 52], "uv_size": [8, 4]},
								"south": {"uv": [64, 56], "uv_size": [8, 4]},
								"west": {"uv": [64, 60], "uv_size": [8, 4]},
								"up": {"uv": [16, 8], "uv_size": [8, 8]},
								"down": {"uv": [40, 40], "uv_size": [8, -8]}
							}
						},
						{
							"origin": [-6.84, 12.6, -17.7],
							"size": [1, 2, 1.2],
							"uv": {
								"north": {"uv": [44, 68], "uv_size": [4, 8]},
								"east": {"uv": [48, 68], "uv_size": [4, 8]},
								"south": {"uv": [56, 68], "uv_size": [4, 8]},
								"west": {"uv": [60, 68], "uv_size": [4, 8]},
								"up": {"uv": [84, 48], "uv_size": [4, 4]},
								"down": {"uv": [84, 56], "uv_size": [4, -4]}
							}
						},
						{
							"origin": [-6.7, 5, -17.6],
							"size": [0.72, 8, 1],
							"uv": {
								"north": {"uv": [32, 0], "uv_size": [4, 32]},
								"east": {"uv": [36, 0], "uv_size": [4, 32]},
								"south": {"uv": [40, 40], "uv_size": [4, 32]},
								"west": {"uv": [40, 0], "uv_size": [4, 32]},
								"up": {"uv": [84, 56], "uv_size": [4, 4]},
								"down": {"uv": [84, 64], "uv_size": [4, -4]}
							}
						},
						{
							"origin": [-5.99, 34.78, -16.86],
							"size": [0.01, 1.35, 0.17],
							"uv": {
								"north": {"uv": [0, 0], "uv_size": [0, 4]},
								"east": {"uv": [84, 64], "uv_size": [4, 4]},
								"south": {"uv": [0, 0], "uv_size": [0, 4]},
								"west": {"uv": [84, 68], "uv_size": [4, 4]},
								"up": {"uv": [0, 0], "uv_size": [0, 4]},
								"down": {"uv": [0, 4], "uv_size": [0, -4]}
							}
						},
						{
							"origin": [-6.72, 34.78, -16.86],
							"size": [0, 1.35, 0.17],
							"uv": {
								"north": {"uv": [0, 0], "uv_size": [0, 4]},
								"east": {"uv": [84, 72], "uv_size": [4, 4]},
								"south": {"uv": [0, 0], "uv_size": [0, 4]},
								"west": {"uv": [84, 76], "uv_size": [4, 4]},
								"up": {"uv": [0, 0], "uv_size": [0, 4]},
								"down": {"uv": [0, 4], "uv_size": [0, -4]}
							}
						}
					]
				},
				{
					"name": "group6",
					"parent": "group",
					"pivot": [-14, 21, -10],
					"cubes": [
						{
							"origin": [-6.72, 33.89, -18.42],
							"size": [0.76, 1.46, 0.26],
							"pivot": [-5, 32, -16],
							"rotation": [-22.5, 0, 0],
							"uv": {
								"north": {"uv": [84, 80], "uv_size": [4, 4]},
								"east": {"uv": [40, 88], "uv_size": [4, 4]},
								"south": {"uv": [44, 88], "uv_size": [4, 4]},
								"west": {"uv": [48, 88], "uv_size": [4, 4]},
								"up": {"uv": [52, 88], "uv_size": [4, 4]},
								"down": {"uv": [56, 92], "uv_size": [4, -4]}
							}
						}
					]
				},
				{
					"name": "group7",
					"parent": "group",
					"pivot": [-14, 21, -10],
					"cubes": [
						{
							"origin": [-6.7, 29.85, -17],
							"size": [0, 6, 0.3],
							"uv": {
								"north": {"uv": [0, 0], "uv_size": [0, 24]},
								"east": {"uv": [24, 0], "uv_size": [4, 24]},
								"south": {"uv": [0, 0], "uv_size": [0, 24]},
								"west": {"uv": [28, 0], "uv_size": [4, 24]},
								"up": {"uv": [0, 0], "uv_size": [0, 4]},
								"down": {"uv": [0, 4], "uv_size": [0, -4]}
							}
						}
					]
				},
				{
					"name": "group8",
					"parent": "group",
					"pivot": [-14, 21, -10],
					"cubes": [
						{
							"origin": [-6.69, 35, -18.41],
							"size": [0.71, 0.56, 0.19],
							"pivot": [-5, 32, -16],
							"rotation": [-22.5, 0, 0],
							"uv": {
								"north": {"uv": [60, 88], "uv_size": [4, 4]},
								"east": {"uv": [64, 88], "uv_size": [4, 4]},
								"south": {"uv": [68, 88], "uv_size": [4, 4]},
								"west": {"uv": [72, 88], "uv_size": [4, 4]},
								"up": {"uv": [76, 88], "uv_size": [4, 4]},
								"down": {"uv": [80, 92], "uv_size": [4, -4]}
							}
						}
					]
				},
				{
					"name": "group4",
					"parent": "group",
					"pivot": [-13, 20, -11]
				},
				{
					"name": "group9",
					"parent": "group",
					"pivot": [-14, 21, -10],
					"cubes": [
						{
							"origin": [-5.97, 35, -18.4],
							"size": [0.01, 0.56, 0.17],
							"pivot": [-5, 32, -16],
							"rotation": [-22.5, 0, 0],
							"uv": {
								"north": {"uv": [0, 0], "uv_size": [0, 4]},
								"east": {"uv": [84, 88], "uv_size": [4, 4]},
								"south": {"uv": [0, 0], "uv_size": [0, 4]},
								"west": {"uv": [88, 88], "uv_size": [4, 4]},
								"up": {"uv": [0, 0], "uv_size": [0, 4]},
								"down": {"uv": [0, 4], "uv_size": [0, -4]}
							}
						}
					]
				},
				{
					"name": "group10",
					"parent": "group",
					"pivot": [-14, 21, -10],
					"cubes": [
						{
							"origin": [-6.08, 33.92, -18.42],
							"size": [0.1, 1.63, 0.19],
							"pivot": [-5, 32, -16],
							"rotation": [-22.5, 0, 0],
							"uv": {
								"north": {"uv": [68, 68], "uv_size": [4, 8]},
								"east": {"uv": [68, 4], "uv_size": [4, 8]},
								"south": {"uv": [68, 12], "uv_size": [4, 8]},
								"west": {"uv": [68, 28], "uv_size": [4, 8]},
								"up": {"uv": [88, 0], "uv_size": [4, 4]},
								"down": {"uv": [88, 8], "uv_size": [4, -4]}
							}
						}
					]
				},
				{
					"name": "bone11",
					"parent": "group",
					"pivot": [2, 5, -24],
					"cubes": [
						{
							"origin": [-6.68, 13.2, -17.5],
							"size": [0.7, 21.5, 0.8],
							"uv": {
								"north": {"uv": [8, 8], "uv_size": [4, 88]},
								"east": {"uv": [12, 12], "uv_size": [4, 88]},
								"south": {"uv": [16, 16], "uv_size": [4, 88]},
								"west": {"uv": [20, 20], "uv_size": [4, 88]},
								"up": {"uv": [88, 8], "uv_size": [4, 4]},
								"down": {"uv": [88, 16], "uv_size": [4, -4]}
							}
						},
						{
							"origin": [-5.98, 14.2, -17.05],
							"size": [0.01, 21.5, 0.35],
							"uv": {
								"north": {"uv": [0, 0], "uv_size": [0, 88]},
								"east": {"uv": [24, 24], "uv_size": [4, 88]},
								"south": {"uv": [0, 0], "uv_size": [0, 88]},
								"west": {"uv": [28, 28], "uv_size": [4, 88]},
								"up": {"uv": [0, 0], "uv_size": [0, 4]},
								"down": {"uv": [0, 4], "uv_size": [0, -4]}
							}
						},
						{
							"origin": [-6.71, 14.4, -17.05],
							"size": [0.01, 21.34, 0.35],
							"uv": {
								"north": {"uv": [0, 0], "uv_size": [0, 84]},
								"east": {"uv": [32, 32], "uv_size": [4, 84]},
								"south": {"uv": [0, 0], "uv_size": [0, 84]},
								"west": {"uv": [36, 36], "uv_size": [4, 84]},
								"up": {"uv": [0, 0], "uv_size": [0, 4]},
								"down": {"uv": [0, 4], "uv_size": [0, -4]}
							}
						},
						{
							"origin": [-6.7, 35, -16.9],
							"size": [0, 1.15, 0.21],
							"uv": {
								"north": {"uv": [0, 0], "uv_size": [0, 4]},
								"east": {"uv": [88, 16], "uv_size": [4, 4]},
								"south": {"uv": [0, 0], "uv_size": [0, 4]},
								"west": {"uv": [88, 20], "uv_size": [4, 4]},
								"up": {"uv": [0, 0], "uv_size": [0, 4]},
								"down": {"uv": [0, 4], "uv_size": [0, -4]}
							}
						},
						{
							"origin": [-6.73, 13, -16.69],
							"size": [0.72, 23.1, 0],
							"uv": {
								"north": {"uv": [0, 0], "uv_size": [4, 92]},
								"east": {"uv": [0, 0], "uv_size": [0, 92]},
								"south": {"uv": [4, 4], "uv_size": [4, 92]},
								"west": {"uv": [0, 0], "uv_size": [0, 92]},
								"up": {"uv": [0, 0], "uv_size": [4, 0]},
								"down": {"uv": [0, 0], "uv_size": [4, 0]}
							}
						},
						{
							"origin": [-6.689, 34.35, -17.2],
							"size": [0.699, 1, 0.3],
							"uv": {
								"north": {"uv": [88, 24], "uv_size": [4, 4]},
								"east": {"uv": [88, 28], "uv_size": [4, 4]},
								"south": {"uv": [88, 32], "uv_size": [4, 4]},
								"west": {"uv": [88, 36], "uv_size": [4, 4]},
								"up": {"uv": [88, 40], "uv_size": [4, 4]},
								"down": {"uv": [88, 48], "uv_size": [4, -4]}
							}
						}
					]
				},
				{
					"name": "leftArm",
					"parent": "body",
					"pivot": [5, 22, 0],
					"mirror": true
				},
				{
					"name": "rightLeg",
					"parent": "waist",
					"pivot": [-1.9, 12, 0],
					"mirror": true
				},
				{
					"name": "leftLeg",
					"parent": "waist",
					"pivot": [1.9, 12, 0],
					"mirror": true
				}
			]
		}
	]
}