{
  "format_version": "1.16.100",
  "minecraft:item": {
    "description": {
      "identifier": "tunekeshi:seisei",
      "category": "Equipment"
    },
    "components": {
      "minecraft:creative_category": {
        "parent": "itemGroup.name.kokyuu"
      },
      "minecraft:stacked_by_data": true,
      "minecraft:max_stack_size": 1,
      "minecraft:foil": false,
      "minecraft:allow_off_hand": true,
      "minecraft:icon": {
        "texture": "seisei"
      },
      "minecraft:render_offsets": "apple",
      "minecraft:display_name": {}
    }
  }
}
