{
	"format_version": "1.8.0",
	"animations": {
		"animation.humanoid.breath": {
			"loop": true,
			"bones": {
				"root": {
					"position": [0, -2, 0]
				},
				"body": {
					"rotation": [37.5, 0, 0],
					"position": [0, -1, -7]
				},
				"head": {
					"rotation": [35, 0, 0]
				},
				"leftArm": {
					"rotation": [15, 0, 0]
				},
				"rightArm": {
					"rotation": [-27.5, 0, 0]
				},
				"leftLeg": {
					"rotation": [42.5, 0, 0]
				},
				"rightLeg": {
					"rotation": [-15, 0, 0]
				}
			}
		}
	}
}