{
  "format_version": "1.16.100",
  "minecraft:item": {
    "description": {
      "identifier": "tunekeshi:nitirintou_mizu",
      "category": "Equipment"
    },
    "components": {
			"minecraft:creative_category": {
				"parent": "itemGroup.name.sword"
			},
      "minecraft:max_stack_size": 1,
      "minecraft:hand_equipped": true,
      "minecraft:use_duration": 999999999,
      "minecraft:food": {
        "can_always_eat": true
      },
      "minecraft:on_use": {
        "event": "on_attack",
        "target": "self"
      },
      "minecraft:cooldown": {
        "category": "ender_pearl",
        "duration": 1.0
      },
      "minecraft:allow_off_hand": false,
      "minecraft:durability": {
        "max_durability": 1561
      },
      "minecraft:mining_speed": 1.5,
      "minecraft:damage": 8,
      "minecraft:enchantable": {
        "value": 10,
        "slot": "sword"
      },
      "minecraft:can_destroy_in_creative": false,
      "minecraft:weapon": {
        "on_hurt_entity": {
          "event": "on_attack",
          "target": "self"
        }
      },
      "minecraft:digger": {
        "use_efficiency": false,
        "destroy_speeds": [
          {
            "block": "minecraft:web",
            "speed": 15
          },
          {
            "block": "minecraft:bamboo",
            "speed": 10
          }
        ]
      },
      "minecraft:icon": {
        "texture": "nitirintou_mizu"
      },
      "minecraft:render_offsets": "tools",
      "minecraft:display_name": {}
    },
    "events": {
      "on_attack": {
        "damage": {
          "type": "magic",
          "amount": 1
        }
      }
    }
  }
}
