{
  "format_version": "1.12",
  "minecraft:recipe_shaped": {
    "description": {
    "identifier": "tunekeshi:nitirintou_honoo"
    },   
    "tags": [ "crafting_table" ],
    "pattern": [
      "BXA",
      "BXX",
      "CXX"
    ],
    "key": {
      "A": {
        "item": "minecraft:bucket",
        "data": 10
      },
      "B": {
        "item": "tunekeshi:tamahagane"
      },
      "C": {
        "item": "minecraft:stick"
      }
    },
    "result": {
      "item": "tunekeshi:nitirintou_honoo"
    }
  }
}
