{
  "format_version": "1.8.0",
  "render_controllers": {
    "controller.render.player.nitirintou_mizu": {
      "geometry": "Geometry.nitirintou_mizu",
      "materials": [
        {
          "*": "Material.default"
        }
      ],
      "textures": [
        "Texture.nitirintou_mizu"
      ]
    },
    "controller.render.player.nitirintou_honoo": {
      "geometry": "Geometry.nitirintou_honoo",
      "materials": [
        {
          "*": "Material.default"
        }
      ],
      "textures": [
        "Texture.nitirintou_honoo"
      ]
    }
  }
}
