{
  "entity_sounds": {
    "entities": {
          "tunekeshi:rengoku": {
        "volume": 0.0,
        "pitch": [ 0.8, 1.2 ],
        "events": {
          "ambient": " ",
          "hurt": " ",
          "death": " ",
          "shoot": " "
        }
      },
          "tunekeshi:enko": {
        "volume": 0.0,
        "pitch": [ 0.8, 1.2 ],
        "events": {
          "ambient": " ",
          "hurt": " ",
          "death": " ",
          "shoot": " "
        }
      },
          "tunekeshi:seisei": {
        "volume": 0.0,
        "pitch": [ 0.8, 1.2 ],
        "events": {
          "ambient": " ",
          "hurt": " ",
          "death": " ",
          "shoot": " "
        }
      },
          "tunekeshi:nobori": {
        "volume": 0.0,
        "pitch": [ 0.8, 1.2 ],
        "events": {
          "ambient": " ",
          "hurt": " ",
          "death": " ",
          "shoot": " "
        }
      }
    }
  }
}
