{
  "resource_pack_name": "vanilla",
  "texture_name": "atlas.items",
  "texture_data": {
    "nitirintou_mizu": {
      "textures": "textures/items/nitirintou_mizu"
    },
    "nitirintou_honoo": {
      "textures": "textures/items/nitirintou_honoo"
    },
    "minamo": {
      "textures": "textures/items/minamo"
    },
    "kanten": {
      "textures": "textures/items/kanten"
    },
    "nagi": {
      "textures": "textures/items/nagi"
    },
    "nejireuzu": {
      "textures": "textures/items/nejireuzu"
    },
    "seisei": {
      "textures": "textures/items/seisei"
    },
    "takitubo": {
      "textures": "textures/items/takitubo"
    },
    "enko": {
      "textures": "textures/items/enko"
    },
    "nobori": {
      "textures": "textures/items/nobori"
    },
    "rengoku": {
      "textures": "textures/items/rengoku"
    },
    "siranui": {
      "textures": "textures/items/siranui"
    },
    "hikouseki": {
      "textures": "textures/items/hikouseki"
    },
    "hisatetu": {
      "textures": "textures/items/hisatetu"
    },
    "tamahagane": {
      "textures": "textures/items/tamahagane"
    }
  }
}
