{
    "format_version": "1.10.0",
    "animation_controllers": {
        "controller.animation.kokyuu": {
            "states": {
                "default": {
                    "transitions": [
                        {
                            "minamo": "(query.get_equipped_item_name=='nitirintou_mizu') && (query.get_equipped_item_name('off_hand') == 'minamo') && (query.is_using_item)"
                        },
                        {
                            "kanten": "(query.get_equipped_item_name=='nitirintou_mizu') && (query.get_equipped_item_name('off_hand') == 'kanten') && (query.is_using_item)"
                        },
                        {
                            "nejireuzu": "(query.get_equipped_item_name=='nitirintou_mizu') && (query.get_equipped_item_name('off_hand') == 'nejireuzu') && (query.is_using_item)"
                        },
                        {
                            "takitubo": "(query.get_equipped_item_name=='nitirintou_mizu') && (query.get_equipped_item_name('off_hand') == 'takitubo') && (query.is_using_item)"
                        },
                        {
                            "seisei":
"(query.get_equipped_item_name=='nitirintou_mizu') && (query.get_equipped_item_name('off_hand') == 'seisei') && (query.is_using_item)"
                        },
                        {
                            "nagi":
"(query.get_equipped_item_name=='nitirintou_mizu') && (query.get_equipped_item_name('off_hand') == 'nagi') && (query.is_using_item)"
                        },
                        {
                            "siranui":
"(query.get_equipped_item_name=='nitirintou_honoo') && (query.get_equipped_item_name('off_hand') == 'siranui') && (query.is_using_item)"
                        },
                        {
                            "nobori":
"(query.get_equipped_item_name=='nitirintou_honoo') && (query.get_equipped_item_name('off_hand') == 'nobori') && (query.is_using_item)"
                        },
                        {
                            "enko":
"(query.get_equipped_item_name=='nitirintou_honoo') && (query.get_equipped_item_name('off_hand') == 'enko') && (query.is_using_item)"
                        },
                        {
                            "rengoku":
"(query.get_equipped_item_name=='nitirintou_honoo') && (query.get_equipped_item_name('off_hand') == 'rengoku') && (query.is_using_item)"
                        }
                    ]
                },
                "minamo": {
                    "on_entry": [
                        "/tag @s add minamo",
                        "/playsound minamo @a[r=5]",
                        "/function minamo"
                    ],
                    "transitions": [
                        {
                            "default": "query.is_using_item"
                        }
                    ]
                },
                "kanten": {
                    "on_entry": [
                        "/execute @s[tag=!kanten] ~~~ tag @s add kanten",
                        "/function kanten"
                    ],
                    "transitions": [
                        {
                            "default": "!query.is_using_item"
                        }
                    ]
                },
                "nejireuzu": {
                    "on_entry": [
                        "/tag @s add nejireuzu",
                        "/function nejireuzu"
                    ],
                    "transitions": [
                        {
                            "default": "query.is_using_item"
                        }
                    ]
                },
                "takitubo": {
                    "on_entry": [
                        "/execute @e[type=!player,c=1,r=5] ~~~ function takitubo",
                        "/effect @s resistance 3 255 true"
                    ],
                    "transitions": [
                        {
                            "default": "!query.is_using_item"
                        }
                    ]
                },
                "seisei": {
                    "on_entry": [
                        "/summon tunekeshi:seisei"
                    ],
                    "transitions": [
                        {
                            "default": "!query.is_using_item"
                        }
                    ]
                },
                "nagi": {
                    "on_entry": [
                        "/tag @s add nagi",
                        "/playsound nagi @a[r=5]",
                        "/function nagi"
                    ],
                    "transitions": [
                        {
                            "default": "query.is_using_item"
                        }
                    ]
                },
                "siranui": {
                    "on_entry": [
                        "/execute @s[tag=!siranui] ~~~ tag @s add siranui",
                        "/function siranui"
                    ],
                    "transitions": [
                        {
                            "default": "!query.is_using_item"
                        }
                    ]
                },
                "nobori": {
                    "on_entry": [
                        "/summon tunekeshi:nobori"
                    ],
                    "transitions": [
                        {
                            "default": "!query.is_using_item"
                        }
                    ]
                },
                "enko": {
                    "on_entry": [
                        "/summon tunekeshi:enko"
                    ],
                    "transitions": [
                        {
                            "default": "!query.is_using_item"
                        }
                    ]
                },
                "rengoku": {
                    "on_entry": [
                        "/summon tunekeshi:rengoku",
                        "/summon tunekeshi:rengoku ~1~~",
                        "/summon tunekeshi:rengoku ~-1~~",
                        "/summon tunekeshi:rengoku ~~~1",
                        "/summon tunekeshi:rengoku ~~~-1"
                    ],
                    "transitions": [
                        {
                            "default": "!query.is_using_item"
                        }
                    ]
                }
            }
        }
    }
}
