{
  "format_version": "1.10.0",
  "animation_controllers": {
    "controller.animation.rengoku_1": {
      "states": {
        "default": {
          "transitions": [
            {
              "walking": "(1.0)"
            }
          ],
          "on_entry": [
                        "/effect @e[type=!player,r=2] wither 6 2 true"
          ]
        },
        "walking": {
          "transitions": [
            {
              "default": "(1.0)"
            }
          ],
          "on_entry": [
                        "/effect @e[type=!player,r=2] wither 6 2 true"
          ]
        }
      }
    }
  }
}
